
<resources>
    <color name="seed">#EEF5FF</color>
    <color name="md_theme_light_primary">#006398</color>
    <color name="md_theme_light_onPrimary">#FFFFFF</color>
    <color name="md_theme_light_primaryContainer">#CDE5FF</color>
    <color name="md_theme_light_onPrimaryContainer">#001D32</color>
    <color name="md_theme_light_secondary">#0961A4</color>
    <color name="md_theme_light_onSecondary">#FFFFFF</color>
    <color name="md_theme_light_secondaryContainer">#D2E4FF</color>
    <color name="md_theme_light_onSecondaryContainer">#001C37</color>
    <color name="md_theme_light_tertiary">#006783</color>
    <color name="md_theme_light_onTertiary">#FFFFFF</color>
    <color name="md_theme_light_tertiaryContainer">#BDE9FF</color>
    <color name="md_theme_light_onTertiaryContainer">#001F2A</color>
    <color name="md_theme_light_error">#BA1A1A</color>
    <color name="md_theme_light_errorContainer">#FFDAD6</color>
    <color name="md_theme_light_onError">#FFFFFF</color>
    <color name="md_theme_light_onErrorContainer">#410002</color>
    <color name="md_theme_light_background">#FCFCFF</color>
    <color name="md_theme_light_onBackground">#1A1C1E</color>
    <color name="md_theme_light_surface">#FCFCFF</color>
    <color name="md_theme_light_onSurface">#1A1C1E</color>
    <color name="md_theme_light_surfaceVariant">#DEE3EB</color>
    <color name="md_theme_light_onSurfaceVariant">#42474E</color>
    <color name="md_theme_light_outline">#72787E</color>
    <color name="md_theme_light_inverseOnSurface">#F0F0F4</color>
    <color name="md_theme_light_inverseSurface">#2F3033</color>
    <color name="md_theme_light_inversePrimary">#93CCFF</color>
    <color name="md_theme_light_shadow">#000000</color>
    <color name="md_theme_light_surfaceTint">#006398</color>
    <color name="md_theme_light_outlineVariant">#C2C7CE</color>
    <color name="md_theme_light_scrim">#000000</color>
    <color name="md_theme_dark_primary">#93CCFF</color>
    <color name="md_theme_dark_onPrimary">#003351</color>
    <color name="md_theme_dark_primaryContainer">#004B74</color>
    <color name="md_theme_dark_onPrimaryContainer">#CDE5FF</color>
    <color name="md_theme_dark_secondary">#A0CAFF</color>
    <color name="md_theme_dark_onSecondary">#003259</color>
    <color name="md_theme_dark_secondaryContainer">#00497E</color>
    <color name="md_theme_dark_onSecondaryContainer">#D2E4FF</color>
    <color name="md_theme_dark_tertiary">#65D3FF</color>
    <color name="md_theme_dark_onTertiary">#003546</color>
    <color name="md_theme_dark_tertiaryContainer">#004D64</color>
    <color name="md_theme_dark_onTertiaryContainer">#BDE9FF</color>
    <color name="md_theme_dark_error">#FFB4AB</color>
    <color name="md_theme_dark_errorContainer">#93000A</color>
    <color name="md_theme_dark_onError">#690005</color>
    <color name="md_theme_dark_onErrorContainer">#FFDAD6</color>
    <color name="md_theme_dark_background">#1A1C1E</color>
    <color name="md_theme_dark_onBackground">#E2E2E5</color>
    <color name="md_theme_dark_surface">#1A1C1E</color>
    <color name="md_theme_dark_onSurface">#E2E2E5</color>
    <color name="md_theme_dark_surfaceVariant">#42474E</color>
    <color name="md_theme_dark_onSurfaceVariant">#C2C7CE</color>
    <color name="md_theme_dark_outline">#8C9198</color>
    <color name="md_theme_dark_inverseOnSurface">#1A1C1E</color>
    <color name="md_theme_dark_inverseSurface">#E2E2E5</color>
    <color name="md_theme_dark_inversePrimary">#006398</color>
    <color name="md_theme_dark_shadow">#000000</color>
    <color name="md_theme_dark_surfaceTint">#93CCFF</color>
    <color name="md_theme_dark_outlineVariant">#42474E</color>
    <color name="md_theme_dark_scrim">#000000</color>
</resources>
